00000165-8bf8-da8e-a3fd-8ffe5ba60000,00000165-c57c-db51-adfd-ef7f6bac0000
00000165-8cc6-dce2-a575-ccce6de30000,00000165-c57c-db51-adfd-ef7f6cba0000
00000165-9140-d801-ade5-d56cbb050000,00000165-c57c-db51-adfd-ef7f6baf0000
00000165-8b6c-dce2-a575-cfee2da70000,00000165-c57c-db51-adfd-ef7f6bb20000
00000165-9168-d801-ade5-d56ceda20000,00000165-c57c-db51-adfd-ef7f6bb40000
00000165-9177-d036-af6f-9b77fe7b0000,00000165-c57c-db51-adfd-ef7f6bb70000
00000165-8bb2-dce2-a575-cfbad6180000,00000165-c57c-db51-adfd-ef7f6ba90000
00000165-9191-d036-af6f-9bf17ea90000,00000165-c57c-db51-adfd-ef7f6bb90000
00000165-c475-d566-ad75-ef7f61a40000,00000165-c57c-db51-adfd-ef7f6bbc0000
00000165-919a-d801-ade5-d5be129e0000,00000165-c57c-db51-adfd-ef7f6c990000
00000165-91de-d036-af6f-9bffa6320000,00000165-c57c-db51-adfd-ef7f6bdd0000
00000165-91ea-d036-af6f-9bfb7fba0000,00000165-c57c-db51-adfd-ef7f6c380000
00000165-91f4-d801-ade5-d5fc94330000,00000165-c57c-db51-adfd-ef7f6c6c0000
00000165-8bb5-da8e-a3fd-8fb73d670000,00000165-c57c-db51-adfd-ef7f6bc80000
00000165-8b56-dce2-a575-cfde0c8e0000,00000165-c57c-db51-adfd-ef7f6c9b0000
00000165-8bba-da8e-a3fd-8fbe1c940000,00000165-c57c-db51-adfd-ef7f6bdf0000
00000165-b01e-de08-a3ed-b47e88b90000,00000165-c57c-db51-adfd-ef7f6c850000
00000165-8c08-dce2-a575-cc8a90350000,00000165-c57c-db51-adfd-ef7f6c9f0000
00000165-909a-d24d-a3fd-d69a1f140000,00000165-c57c-db51-adfd-ef7f6be20000
00000165-90a7-de50-a1ed-91ff0ba90000,00000165-c57c-db51-adfd-ef7f6be40000
00000165-90bc-d24d-a3fd-d6becf6e0000,00000165-c57c-db51-adfd-ef7f6c3b0000
00000165-90cd-de50-a1ed-91ffbaae0000,00000165-c57c-db51-adfd-ef7f6bd00000
00000165-90e4-d801-ade5-d4ec5cb80000,00000165-c57c-db51-adfd-ef7f6c880000
00000165-a5cf-d7b1-a567-bfff683c0000,00000165-c57c-db51-adfd-ef7f6ca70000
00000165-a606-dcdb-af6f-affeef7f0000,00000165-c57c-db51-adfd-ef7f6be90000
00000165-a66e-d440-ab75-bfee19630000,00000165-c57c-db51-adfd-ef7f6c3d0000
00000165-9107-d036-af6f-9b77a1470000,00000165-c57c-db51-adfd-ef7f6bc50000
00000165-8be0-da8e-a3fd-8ff68c720000,00000165-c57c-db51-adfd-ef7f6bec0000
00000165-9266-dfcc-a77d-baefad650000,00000165-c57c-db51-adfd-ef7f6c350000
00000165-9247-d036-af6f-9a77233f0000,00000165-c57c-db51-adfd-ef7f6bee0000
00000165-a513-d4f5-ad77-e7bf36b10000,00000165-c57c-db51-adfd-ef7f6c400000
00000165-a523-d4f5-ad77-e7bf4aa70000,00000165-c57c-db51-adfd-ef7f6bf10000
00000165-a5fe-d440-ab75-bdfee4f90000,00000165-c57c-db51-adfd-ef7f6c430000
00000165-a68f-d440-ab75-bf8f64aa0000,00000165-c57c-db51-adfd-ef7f6ca20000
00000165-a697-dcdb-af6f-afffad0b0000,00000165-c57c-db51-adfd-ef7f6c8b0000
00000165-a6a2-d440-ab75-bfaac4ac0000,00000165-c57c-db51-adfd-ef7f6c900000
00000165-a6ad-dcdb-af6f-afff298d0000,00000165-c57c-db51-adfd-ef7f6ca90000
00000165-a6b4-dcdb-af6f-affefe010000,00000165-c57c-db51-adfd-ef7f6bcd0000
00000165-ac1c-d4a1-a1ff-eeffaa8a0000,00000165-c57c-db51-adfd-ef7f6c760000
00000165-b0cc-de08-a3ed-b4ee5d800000,00000165-c57c-db51-adfd-ef7f6bbe0000
00000165-aaee-dc72-abff-eeefb4030000,00000165-c57c-db51-adfd-ef7f6bfb0000
00000165-a549-d4f5-ad77-e7fd80a40000,00000165-c57c-db51-adfd-ef7f6bd20000
00000165-a56f-d7b1-a567-bfff074f0000,00000165-c57c-db51-adfd-ef7f6c780000
00000165-a578-d4f5-ad77-e7fc145b0000,00000165-c57c-db51-adfd-ef7f6c7b0000
00000165-a585-d7b1-a567-bff569600000,00000165-c57c-db51-adfd-ef7f6c730000
00000165-a595-d7b1-a567-bff56f120000,00000165-c57c-db51-adfd-ef7f6c7d0000
00000165-218f-d7a8-a96d-b3bf8f800000,00000165-c57c-db51-adfd-ef7f6bc10000
00000165-a5b2-d4f5-ad77-e7be7b850000,00000165-c57c-db51-adfd-ef7f6c5d0000
00000165-a5b8-d4f5-ad77-e7bc93090000,00000165-c57c-db51-adfd-ef7f6c000000
00000165-a5cb-d7b1-a567-bffbb5640000,00000165-c57c-db51-adfd-ef7f6bd80000
00000165-a5c0-d7b1-a567-bff08d0c0000,00000165-c57c-db51-adfd-ef7f6c020000
00000165-a5ca-d4f5-ad77-e7fe90e80000,00000165-c57c-db51-adfd-ef7f6c050000
00000165-aaeb-d00a-ab77-aeefec270000,00000165-c57c-db51-adfd-ef7f6c070000
00000165-ab02-d00a-ab77-af2624e30000,00000165-c57c-db51-adfd-ef7f6c0a0000
00000165-ab3c-d91d-a575-bf7ebc5e0000,00000165-c57c-db51-adfd-ef7f6c450000
00000165-ab21-d00a-ab77-af25dbfe0000,00000165-c57c-db51-adfd-ef7f6bc30000
00000165-ab40-d3ca-a5ff-ab6510e00000,00000165-c57c-db51-adfd-ef7f6c0c0000
00000165-ab4a-d3ca-a5ff-ab6f6dbe0000,00000165-c57c-db51-adfd-ef7f6cbd0000
00000165-ab56-d91d-a575-bf56039d0000,00000165-c57c-db51-adfd-ef7f6c820000
00000165-b104-de08-a3ed-b5668e110000,00000165-c57c-db51-adfd-ef7f6bda0000
00000165-ac1a-d4a1-a1ff-eefb44450000,00000165-c57c-db51-adfd-ef7f6c0f0000
00000165-b0d2-d284-a5e7-fef277780000,00000165-c57c-db51-adfd-ef7f6c110000
00000165-a694-dcdb-af6f-affed4000000,00000165-c57c-db51-adfd-ef7f6c930000
00000165-a628-dcdb-af6f-affa7dc40000,00000165-c57c-db51-adfd-ef7f6bd50000
00000165-a6a0-dcdb-af6f-affad6ce0000,00000165-c57c-db51-adfd-ef7f6c480000
00000165-a6b1-dcdb-af6f-affbd3e20000,00000165-c57c-db51-adfd-ef7f6c670000
00000165-a6bb-d440-ab75-bfbb2cc00000,00000165-c57c-db51-adfd-ef7f6c140000
00000165-ab0d-dc72-abff-efad3cc40000,00000165-c57c-db51-adfd-ef7f6c6e0000
00000165-abe2-d4a1-a1ff-effbdfe30000,00000165-c57c-db51-adfd-ef7f6c160000
00000165-abef-d4a1-a1ff-efff98060000,00000165-c57c-db51-adfd-ef7f6c4b0000
00000165-abfa-dfff-a5ef-bffb41820000,00000165-c57c-db51-adfd-ef7f6c4d0000
00000165-abf7-dfff-a5ef-bfff22e00000,00000165-c57c-db51-adfd-ef7f6c190000
00000165-ac03-d4a1-a1ff-eefb94be0000,00000165-c57c-db51-adfd-ef7f6c960000
00000165-ac1d-d4a1-a1ff-eefff23b0000,00000165-c57c-db51-adfd-ef7f6c510000
00000165-a5a9-d7b1-a567-bff904250000,00000165-c57c-db51-adfd-ef7f6bfe0000
00000165-9194-d801-ade5-d5bc645d0000,00000165-c57c-db51-adfd-ef7f6c1b0000
00000165-a5f3-d440-ab75-bdfbf7530000,00000165-c57c-db51-adfd-ef7f6c1e0000
00000165-a5fc-dcdb-af6f-adfe16a60000,00000165-c57c-db51-adfd-ef7f6c690000
00000165-a601-d440-ab75-bf899a2f0000,00000165-c57c-db51-adfd-ef7f6ca40000
00000165-a609-dcdb-af6f-affb49620000,00000165-c57c-db51-adfd-ef7f6c620000
00000165-a60e-d440-ab75-bf8e525f0000,00000165-c57c-db51-adfd-ef7f6c210000
00000165-a624-d440-ab75-bfac48780000,00000165-c57c-db51-adfd-ef7f6c230000
00000165-a66e-dcdb-af6f-affeef3b0000,00000165-c57c-db51-adfd-ef7f6c260000
00000165-a675-dcdb-af6f-afff8d4e0000,00000165-c57c-db51-adfd-ef7f6c640000
00000165-a67f-dcdb-af6f-afffaad00000,00000165-c57c-db51-adfd-ef7f6c800000
00000165-a686-d440-ab75-bf8e16a40000,00000165-c57c-db51-adfd-ef7f6c280000
00000165-9150-d036-af6f-9b71f6370000,00000165-c57c-db51-adfd-ef7f6c2b0000
00000165-916c-d801-ade5-d56c92dc0000,00000165-c57c-db51-adfd-ef7f6c2d0000
00000165-918c-d801-ade5-d5ac66650000,00000165-c57c-db51-adfd-ef7f6c300000
00000165-8b87-dce2-a575-cf8f07c70000,00000165-c57c-db51-adfd-ef7f6c330000