SPECIALTY ID,SPEC Name,SEC Name,SECTION ID
00000164-a695-d496-a1ef-b6957c3f0000,Nurse Practitioner,nurse practitioner,00000164-9536-dc5a-a9ec-d73ead950000
00000165-c57c-db51-adfd-ef7f6bac0000,Ambulatory Care Nurse,Ambulatory Care Nurse,00000165-8bf8-da8e-a3fd-8ffe5ba60000
00000165-c57c-db51-adfd-ef7f6cba0000,Burn Care Nurse,Burn Care Nurse,00000165-8cc6-dce2-a575-ccce6de30000
00000165-c57c-db51-adfd-ef7f6baf0000,Camp Nurse,Camp Nurse,00000165-9140-d801-ade5-d56cbb050000
00000165-c57c-db51-adfd-ef7f6bb20000,Cardiac Care Nurse,Cardiac Care Nurse,00000165-8b6c-dce2-a575-cfee2da70000
00000165-c57c-db51-adfd-ef7f6bb40000,Cardiac Cath Lab Nurse,Cardiac Cath Lab Nurse,00000165-9168-d801-ade5-d56ceda20000
00000165-c57c-db51-adfd-ef7f6bb70000,Case Management Nurse,Case Management Nurse,00000165-9177-d036-af6f-9b77fe7b0000
00000165-c57c-db51-adfd-ef7f6ba90000,Certified Nurse Midwife,Certified Nurse Midwife,00000165-8bb2-dce2-a575-cfbad6180000
00000165-c57c-db51-adfd-ef7f6bb90000,Clinical Nurse Leader,Clinical Nurse Leader,00000165-9191-d036-af6f-9bf17ea90000
00000165-c57c-db51-adfd-ef7f6bbc0000,Clinical Nurse Specialist,Clinical Nurse Specialist,00000165-c475-d566-ad75-ef7f61a40000
00000165-c57c-db51-adfd-ef7f6c990000,Correctional Facility Nurse,Correctional Facility Nurse,00000165-919a-d801-ade5-d5be129e0000
00000165-c57c-db51-adfd-ef7f6bdd0000,Critical Care Nurse,Critical Care Nurse,00000165-91de-d036-af6f-9bffa6320000
00000165-c57c-db51-adfd-ef7f6c380000,Dermatology Nurse,Dermatology Nurse,00000165-91ea-d036-af6f-9bfb7fba0000
00000165-c57c-db51-adfd-ef7f6c6c0000,Developmental Disability Nurse,Developmental Disability Nurse,00000165-91f4-d801-ade5-d5fc94330000
00000165-c57c-db51-adfd-ef7f6bc80000,Diabetes Nurse,Diabetes Nurse,00000165-8bb5-da8e-a3fd-8fb73d670000
00000165-c57c-db51-adfd-ef7f6c9b0000,Domestic Violence Nurse,Domestic Violence Nurse,00000165-8b56-dce2-a575-cfde0c8e0000
00000165-c57c-db51-adfd-ef7f6bdf0000,Emergency Nurse,Emergency Nurse,00000165-8bba-da8e-a3fd-8fbe1c940000
00000165-c57c-db51-adfd-ef7f6c850000,Family Nurse Practitioner,Family Nurse Practitioner,00000165-b01e-de08-a3ed-b47e88b90000
00000165-c57c-db51-adfd-ef7f6c9f0000,Flight/Transport Nurse,Flight Nurse,00000165-8c08-dce2-a575-cc8a90350000
00000165-c57c-db51-adfd-ef7f6be20000,Forensic Nurse,Forensic Nurse,00000165-909a-d24d-a3fd-d69a1f140000
00000165-c57c-db51-adfd-ef7f6be40000,Gastroenterology Nursing,Gastroenterology Nursing,00000165-90a7-de50-a1ed-91ff0ba90000
00000165-c57c-db51-adfd-ef7f6c3b0000,Genetics Nurse,Genetics Nurse,00000165-90bc-d24d-a3fd-d6becf6e0000
00000165-c57c-db51-adfd-ef7f6bd00000,Geriatric Nurse,Geriatric Nurse,00000165-90cd-de50-a1ed-91ffbaae0000
00000165-c57c-db51-adfd-ef7f6c880000,Gerontological Nurse Practitioner,Gerontological Nurse Practitioner,00000165-90e4-d801-ade5-d4ec5cb80000
00000165-c57c-db51-adfd-ef7f6ca70000,Health Policy Nurse,Health Policy Nurse,00000165-a5cf-d7b1-a567-bfff683c0000
00000165-c57c-db51-adfd-ef7f6be90000,Hematology Nurse,Hematology Nurse,00000165-a606-dcdb-af6f-affeef7f0000
00000165-c57c-db51-adfd-ef7f6c3d0000,HIV/AIDS Care Nurse,HIV/AIDS Nurse,00000165-a66e-d440-ab75-bfee19630000
00000165-c57c-db51-adfd-ef7f6bc50000,Holistic Nurse,Holistic Nurse,00000165-9107-d036-af6f-9b77a1470000
00000165-c57c-db51-adfd-ef7f6bec0000,Home Health Care Nurse,Home Health Nurse,00000165-8be0-da8e-a3fd-8ff68c720000
00000165-c57c-db51-adfd-ef7f6c350000,Hospice Nurse,Hospice Nurse,00000165-9266-dfcc-a77d-baefad650000
00000165-c57c-db51-adfd-ef7f6bee0000,Independent Nurse Contractor,Independent Nurse Contractor,00000165-9247-d036-af6f-9a77233f0000
00000165-c57c-db51-adfd-ef7f6c400000,Infection Control Nurse,Infection Control Nurse,00000165-a513-d4f5-ad77-e7bf36b10000
00000165-c57c-db51-adfd-ef7f6bf10000,Informatics Nurse,Informatics Nurse,00000165-a523-d4f5-ad77-e7bf4aa70000
00000165-c57c-db51-adfd-ef7f6c430000,Infusion Nurse,Infusion Nurse,00000165-a5fe-d440-ab75-bdfee4f90000
00000165-c57c-db51-adfd-ef7f6ca20000,International Nurse,International Nurse,00000165-a68f-d440-ab75-bf8f64aa0000
00000165-c57c-db51-adfd-ef7f6c8b0000,Labor and Delivery Nurse,Labor and Delivery Nurse,00000165-a697-dcdb-af6f-afffad0b0000
00000165-c57c-db51-adfd-ef7f6c900000,Lactation Consultant,Lactation Consultant,00000165-a6a2-d440-ab75-bfaac4ac0000
00000165-c57c-db51-adfd-ef7f6ca90000,Legal Nurse Consultant,Legal Nurse Consultant,00000165-a6ad-dcdb-af6f-afff298d0000
00000165-c57c-db51-adfd-ef7f6bcd0000,Long-Term Care Nurse,Long-term Care Nurse,00000165-a6b4-dcdb-af6f-affefe010000
00000165-c57c-db51-adfd-ef7f6c700000,Managed Care Nurse,Managed Care Nurse,n/a
00000165-c57c-db51-adfd-ef7f6c540000,Military Nurse,Military Nurse,n/a
00000165-c57c-db51-adfd-ef7f6c590000,Missionary Nurse,Missionary Nurse,n/a
00000165-c57c-db51-adfd-ef7f6bf30000,Neonatal Intensive Care Nurse,Neonatal Intensive Care Nurse,n/a
00000165-c57c-db51-adfd-ef7f6bf60000,Nephrology Nurse,Nephrology Nurse,n/a
00000165-c57c-db51-adfd-ef7f6bf80000,Neuroscience Nurse,Neuroscience Nurse,n/a
00000165-c57c-db51-adfd-ef7f6c760000,Nurse Advocate,Nurse Advocate,00000165-ac1c-d4a1-a1ff-eeffaa8a0000
00000165-c57c-db51-adfd-ef7f6bbe0000,Nurse Anesthetist,Nurse Anesthetist,00000165-b0cc-de08-a3ed-b4ee5d800000
00000165-c57c-db51-adfd-ef7f6bfb0000,Nurse Attorney,Nurse Attorney,00000165-aaee-dc72-abff-eeefb4030000
00000165-c57c-db51-adfd-ef7f6bd20000,Nurse Educator,Nurse Educator,00000165-a549-d4f5-ad77-e7fd80a40000
00000165-c57c-db51-adfd-ef7f6c780000,Nurse Entrepreneur,Nurse Entrepreneur,00000165-a56f-d7b1-a567-bfff074f0000
00000165-c57c-db51-adfd-ef7f6c7b0000,Nurse Executive,Nurse Executive,00000165-a578-d4f5-ad77-e7fc145b0000
00000165-c57c-db51-adfd-ef7f6c730000,Nurse Life Care Planner,Nurse Life Care Planner,00000165-a585-d7b1-a567-bff569600000
00000165-c57c-db51-adfd-ef7f6c7d0000,Nurse Manager,Nurse Manager,00000165-a595-d7b1-a567-bff56f120000
00000165-c57c-db51-adfd-ef7f6bc10000,Nurse Practitioner,Nurse Practitioner,00000165-218f-d7a8-a96d-b3bf8f800000
00000165-c57c-db51-adfd-ef7f6c5d0000,Nursing Quality Improvement,Nursing Quality Improvement,00000165-a5b2-d4f5-ad77-e7be7b850000
00000165-c57c-db51-adfd-ef7f6c000000,"Nursing Writer, Author, or Historian","Nurse Writer, Author or Historian",00000165-a5b8-d4f5-ad77-e7bc93090000
00000165-c57c-db51-adfd-ef7f6bd80000,"Obstetrics Nurse, Gynecology Nurse","Obstetrics Nurse, Gynecology",00000165-a5cb-d7b1-a567-bffbb5640000
00000165-c57c-db51-adfd-ef7f6c020000,Occupational Health Nurse,Occupational Health Nurse,00000165-a5c0-d7b1-a567-bff08d0c0000
00000165-c57c-db51-adfd-ef7f6c050000,Oncology Nurse,Oncology Nurse,00000165-a5ca-d4f5-ad77-e7fe90e80000
00000165-c57c-db51-adfd-ef7f6c070000,Ophthalmic Nurse,Ophthalmic Nurse,00000165-aaeb-d00a-ab77-aeefec270000
00000165-c57c-db51-adfd-ef7f6c0a0000,Orthopaedic Nurse,Orthopaedic Nurse,00000165-ab02-d00a-ab77-af2624e30000
00000165-c57c-db51-adfd-ef7f6c450000,Otorhinolaryngology Nurse,Otorhinolaryngology Nurse,00000165-ab3c-d91d-a575-bf7ebc5e0000
00000165-c57c-db51-adfd-ef7f6bc30000,Pain Management Nurse,Pain Management Nurse,00000165-ab21-d00a-ab77-af25dbfe0000
00000165-c57c-db51-adfd-ef7f6c0c0000,Parish Nurse,Parish Nurse,00000165-ab40-d3ca-a5ff-ab6510e00000
00000165-c57c-db51-adfd-ef7f6cbd0000,Patient Blood Management Nurse,Patient Blood Management Nurse,00000165-ab4a-d3ca-a5ff-ab6f6dbe0000
00000165-c57c-db51-adfd-ef7f6c820000,Pediatric Endocrinology Nurse,Pediatric Endocrinology Nurse,00000165-ab56-d91d-a575-bf56039d0000
00000165-c57c-db51-adfd-ef7f6bda0000,Pediatric Nurse,Pediatric Nurse,00000165-b104-de08-a3ed-b5668e110000
00000165-c57c-db51-adfd-ef7f6c0f0000,Pediatric Nurse Practitioner,Pediatric Nurse Practitioner,00000165-ac1a-d4a1-a1ff-eefb44450000
00000165-c57c-db51-adfd-ef7f6c110000,Perianesthesia Nurse,Perianesthesia Nurse,00000165-b0d2-d284-a5e7-fef277780000
00000165-c57c-db51-adfd-ef7f6c930000,Perinatal Nurse,Perinatal Nurse,00000165-a694-dcdb-af6f-affed4000000
00000165-c57c-db51-adfd-ef7f6bd50000,Perioperative (Surgical Nurse,Perioperative (Surgical Nurse,00000165-a628-dcdb-af6f-affa7dc40000
00000165-c57c-db51-adfd-ef7f6c480000,Plastic Surgery Nurse,Plastic Surgery Nurse,00000165-a6a0-dcdb-af6f-affad6ce0000
00000165-c57c-db51-adfd-ef7f6c670000,Poison Information Specialist,Poison Information Specialist,00000165-a6b1-dcdb-af6f-affbd3e20000
00000165-c57c-db51-adfd-ef7f6c140000,Psychiatric Nurse,Psychiatric Nurse,00000165-a6bb-d440-ab75-bfbb2cc00000
00000165-c57c-db51-adfd-ef7f6c6e0000,Psychiatric Nurse Practitioner,Psychiatric Nurse Practitioner,00000165-ab0d-dc72-abff-efad3cc40000
00000165-c57c-db51-adfd-ef7f6c160000,Public Health Nurse,Public Health Nurse,00000165-abe2-d4a1-a1ff-effbdfe30000
00000165-c57c-db51-adfd-ef7f6c4b0000,Pulmonary Care Nurse,Pulmonary Care Nurse,00000165-abef-d4a1-a1ff-efff98060000
00000165-c57c-db51-adfd-ef7f6c4d0000,Radiology Nurse,Radiology Nurse,00000165-abfa-dfff-a5ef-bffb41820000
00000165-c57c-db51-adfd-ef7f6c190000,Rehabilitation Nurse,Rehabilitation Nurse,00000165-abf7-dfff-a5ef-bfff22e00000
00000165-c57c-db51-adfd-ef7f6c960000,Reproductive Nurse,Reproductive Nurse,00000165-ac03-d4a1-a1ff-eefb94be0000
00000165-c57c-db51-adfd-ef7f6c510000,Rheumatology Nurse,Rheumatology Nurse,00000165-ac1d-d4a1-a1ff-eefff23b0000
00000165-c57c-db51-adfd-ef7f6bfe0000,Research Nurse,Research Nurse,00000165-a5a9-d7b1-a567-bff904250000
00000165-c57c-db51-adfd-ef7f6c1b0000,Rural Nurse,Rural Nurse,00000165-9194-d801-ade5-d5bc645d0000
00000165-c57c-db51-adfd-ef7f6c1e0000,School Nurse,School Nurse,00000165-a5f3-d440-ab75-bdfbf7530000
00000165-c57c-db51-adfd-ef7f6c690000,Sub-acute Nurse,Subacute Nurse,00000165-a5fc-dcdb-af6f-adfe16a60000
00000165-c57c-db51-adfd-ef7f6ca40000,Substance Abuse Nurse,Substance Abuse Nurse,00000165-a601-d440-ab75-bf899a2f0000
00000165-c57c-db51-adfd-ef7f6c620000,Supplemental Nurse,Supplemental Nurse,00000165-a609-dcdb-af6f-affb49620000
00000165-c57c-db51-adfd-ef7f6c210000,Telemetry Nurse,Telemetry Nurse,00000165-a60e-d440-ab75-bf8e525f0000
00000165-c57c-db51-adfd-ef7f6c230000,Telephone Triage Nurse,Telephone Triage Nurse,00000165-a624-d440-ab75-bfac48780000
00000165-c57c-db51-adfd-ef7f6c260000,Toxicology Nurse,Toxicology Nurse,00000165-a66e-dcdb-af6f-affeef3b0000
00000165-c57c-db51-adfd-ef7f6c640000,Transcultural Nurse,Transcultural Nurse,00000165-a675-dcdb-af6f-afff8d4e0000
00000165-c57c-db51-adfd-ef7f6c800000,Transplant Nurse,Transplant Nurse,00000165-a67f-dcdb-af6f-afffaad00000
00000165-c57c-db51-adfd-ef7f6c280000,Trauma Nurse,Trauma Nurse,00000165-a686-d440-ab75-bf8e16a40000
00000165-c57c-db51-adfd-ef7f6c2b0000,Travel Nurse,Travel Nurse,00000165-9150-d036-af6f-9b71f6370000
00000165-c57c-db51-adfd-ef7f6c2d0000,Urologic Nurse,Urology Nurse,00000165-916c-d801-ade5-d56c92dc0000
00000165-c57c-db51-adfd-ef7f6c300000,Veterans Affairs (VA Nurse,Veterans Affairs Nurse,00000165-918c-d801-ade5-d5ac66650000
00000165-c57c-db51-adfd-ef7f6c330000,"Wound, Ostomy, and Continence Nurse","Wound, Ostomy, and Continence Nurse",00000165-8b87-dce2-a575-cf8f07c70000
